id,officer_id,salary,overtime_pay,year,is_fiscal_year
,31936,78630.41,16750.58,2018,true
,31938,90033.13,8747.88,2018,true
,31939,78630.41,9682.26,2018,true
,31940,77118.28,4380.59,2018,true
,31942,101810.36,29237.54,2018,true
,31945,75606.16,635.72,2018,true
,31946,84913.17,15307.87,2018,true
,31947,55553.34,,2018,true
,31948,75606.16,226.04,2018,true
,31950,77118.28,4427.88,2018,true
,31951,78630.41,4319.36,2018,true
,31952,78630.41,1013.74,2018,true
,31953,90033.13,17125.28,2018,true
,31954,77118.28,7204.47,2018,true
,31955,86054.72,18925.5,2018,true
,31957,84376.67,4337.59,2018,true
,31962,87775.81,6215.74,2018,true
,31963,86570.32,2118.91,2018,true
,31967,101810.36,4869.76,2018,true
,31968,86570.32,4836.31,2018,true
,31970,75606.16,,2018,true
,31971,75606.16,11466.87,2018,true
,31975,84913.17,5538.88,2018,true
,31976,77118.28,5681.67,2018,true
,31978,75606.16,10752.13,2018,true
,31979,90033.13,,2018,true
,31980,77118.28,8329.19,2018,true
,31981,77118.28,14265.76,2018,true
,31982,78630.41,,2018,true
,31983,75606.16,8137.21,2018,true
,31984,78630.41,,2018,true
,31985,75606.16,1808.33,2018,true
,31986,77118.28,,2018,true
,31988,75606.16,11818.71,2018,true
,31989,78630.41,3467.35,2018,true
,31990,84913.17,,2018,true
,31992,78630.41,2959.89,2018,true
,31993,78630.41,16498.39,2018,true
,31996,78630.41,293.85,2018,true
,31997,90033.13,4508.42,2018,true
,31998,87775.81,12849.44,2018,true
,31999,65348.49,,2018,true
,32000,75606.16,10997.89,2018,true
,32001,90033.13,17697.42,2018,true
,32003,75606.16,3093.91,2018,true
,32004,89496.91,1137.13,2018,true
,32007,54485.0,,2018,true
,32009,64091.79,,2018,true
,32010,78630.41,18512.21,2018,true
,32011,55553.34,119.49,2018,true
,32012,78630.41,6273.68,2018,true
,32014,90033.13,18911.77,2018,true
,32015,75606.16,20028.89,2018,true
,32017,75606.16,1398.59,2018,true
,32018,77118.28,1455.41,2018,true
,32019,77118.28,,2018,true
,32020,75606.16,4252.3,2018,true
,32021,77118.28,,2018,true
,32022,74923.09,1877.68,2018,true
,32024,75606.16,3446.72,2018,true
,32025,74923.09,989.01,2018,true
,32027,65348.49,,2018,true
,32028,72041.43,15444.17,2018,true
,32029,65348.49,2855.11,2018,true
,32030,87775.81,36590.46,2018,true
,32031,86054.72,34040.66,2018,true
,32032,79386.47,,2018,true
,32033,86570.32,19078.4,2018,true
,32035,74923.09,3367.46,2018,true
,32036,55553.34,,2018,true
,32038,84376.67,2365.48,2018,true
,32041,77118.28,893.42,2018,true
,32042,75606.16,1214.97,2018,true
,32044,86054.72,18717.28,2018,true
,32045,89496.91,13612.32,2018,true
,32046,89496.91,6329.55,2018,true
,32048,75606.16,5909.78,2018,true
,32049,77118.28,15161.01,2018,true
,32050,78630.41,1792.99,2018,true
,32051,77118.28,4049.17,2018,true
,32052,75606.16,,2018,true
,32053,75606.16,,2018,true
,32054,110463.48,,2018,true
,32055,86570.32,21426.72,2018,true
,32056,95520.74,,2018,true
,32057,78630.41,10332.92,2018,true
,32058,78630.41,528.93,2018,true
,32060,65348.49,6295.04,2018,true
,32062,78630.41,3251.66,2018,true
,32063,86054.72,46293.08,2018,true
,32066,78630.41,14501.82,2018,true
,32069,78630.41,837.46,2018,true
,32070,78630.41,4995.08,2018,true
,32071,75606.16,41365.17,2018,true
,32072,78630.41,,2018,true
,32073,84913.17,102.84,2018,true
,32074,89496.91,30591.23,2018,true
,32076,78630.41,7960.12,2018,true
,32077,86054.72,21519.27,2018,true
,32078,89496.91,12851.41,2018,true
,32079,78630.41,13370.14,2018,true
,32080,65348.49,,2018,true
,32083,77118.28,6527.74,2018,true
,32084,78630.41,1528.08,2018,true
,32085,75606.16,17150.44,2018,true
,32087,142540.06,,2018,true
,32088,90033.13,,2018,true
,32090,90033.13,3415.04,2018,true
,32091,75606.16,14520.97,2018,true
,32092,75606.16,12602.58,2018,true
,32096,97894.58,38618.72,2018,true
,32097,94174.33,16677.07,2018,true
,32098,78630.41,587.7,2018,true
,32100,77118.28,1037.52,2018,true
,32102,88301.73,6929.43,2018,true
,32105,65348.49,10314.1,2018,true
,32106,75606.16,21856.13,2018,true
,32112,78630.41,8800.5,2018,true
,32115,83280.23,19202.84,2018,true
,32116,96020.88,1337.83,2018,true
,32117,78630.41,1730.29,2018,true
,32118,86570.32,9041.83,2018,true
,32120,138885.24,6605.69,2018,true
,32121,89496.91,17006.67,2018,true
,32122,78630.41,2423.96,2018,true
,32123,114882.02,18073.63,2018,true
,32124,55553.34,,2018,true
,32125,94174.33,778.61,2018,true
,32130,78630.41,4084.53,2018,true
,32132,75606.16,25465.01,2018,true
,32134,86570.32,23503.54,2018,true
,32135,78630.41,9493.86,2018,true
,32136,75606.16,8485.2,2018,true
,32137,75606.16,,2018,true
,32138,78630.41,,2018,true
,32139,75606.16,,2018,true
,32140,77118.28,10108.48,2018,true
,32141,114882.02,34794.75,2018,true
,32144,74923.09,12595.11,2018,true
,32146,78630.41,1586.78,2018,true
,32147,75606.16,8956.73,2018,true
,32148,54485.0,,2018,true
,32150,88301.73,4833.94,2018,true
,32152,77118.28,1282.56,2018,true
,32153,114882.02,26681.12,2018,true
,32154,89496.91,12608.77,2018,true
,32155,78630.41,8550.97,2018,true
,32156,75606.16,8787.17,2018,true
,32157,75606.16,2466.41,2018,true
,32159,81647.28,3308.99,2018,true
,32161,75606.16,2020.14,2018,true
,32163,75606.16,1511.65,2018,true
,32164,74923.09,,2018,true
,32167,78630.41,10823.57,2018,true
,32168,90033.13,1396.27,2018,true
,32169,78630.41,793.34,2018,true
,32172,72041.43,1920.86,2018,true
,32173,78630.41,18483.03,2018,true
,32174,78630.41,38582.52,2018,true
,32175,101810.36,17508.4,2018,true
,32177,65348.49,4025.8,2018,true
,32178,75606.16,7996.03,2018,true
,32179,75606.16,1214.95,2018,true
,32180,90033.13,5753.28,2018,true
,32181,78630.41,1895.27,2018,true
,32182,74923.09,,2018,true
,32183,78630.41,,2018,true
,32184,106263.57,21802.13,2018,true
,32185,62835.09,3705.4,2018,true
,32186,90033.13,4760.77,2018,true
,32187,75606.16,819.39,2018,true
,32188,86570.32,8076.51,2018,true
,32190,81131.41,19063.95,2018,true
,32191,55553.34,,2018,true
,32192,75606.16,4473.93,2018,true
,32193,75606.16,1031.3,2018,true
,32194,78630.41,264.43,2018,true
,32195,81647.28,3724.46,2018,true
,32196,90033.13,,2018,true
,32200,78630.41,7228.7,2018,true
,32202,65348.49,3904.15,2018,true
,32203,75606.16,861.67,2018,true
,32205,53416.67,48.54,2018,true
,32206,77118.28,1887.71,2018,true
,32207,75606.16,2641.87,2018,true
,32208,65348.49,2738.78,2018,true
,32209,108347.17,1795.45,2018,true
,32212,78630.41,,2018,true
,32216,90033.13,31727.32,2018,true
,32217,75606.16,1271.46,2018,true
,32218,78630.41,602.29,2018,true
,32220,75606.16,1681.15,2018,true
,32223,65348.49,122.16,2018,true
,32224,112578.68,,2018,true
,32225,75606.16,3894.62,2018,true
,32226,78630.41,14618.66,2018,true
,32228,75606.16,13634.65,2018,true
,32229,89496.91,14314.43,2018,true
,32230,75606.16,6024.92,2018,true
,32231,75606.16,,2018,true
,32232,86054.72,7042.9,2018,true
,32233,75606.16,1602.68,2018,true
,32234,89496.91,30769.39,2018,true
,32235,78630.41,,2018,true
,32237,84913.17,9825.48,2018,true
,32238,78630.41,18091.57,2018,true
,32239,75606.16,,2018,true
,32241,75606.16,12516.88,2018,true
,32244,75606.16,,2018,true
,32249,89496.91,16407.51,2018,true
,32250,78630.41,23944.62,2018,true
,32254,101810.36,6093.94,2018,true
,32255,77118.28,,2018,true
,32256,75606.16,480.33,2018,true
,32257,78630.41,13881.57,2018,true
,32258,75606.16,282.55,2018,true
,32260,89496.91,41070.35,2018,true
,32261,90033.13,3112.15,2018,true
,32267,89496.91,18511.81,2018,true
,32268,90033.13,26058.0,2018,true
,32269,62835.09,4211.94,2018,true
,32271,62835.09,1352.45,2018,true
,32272,97894.58,23413.28,2018,true
,32273,77118.28,2925.05,2018,true
,32274,53416.67,2400.13,2018,true
,32275,74923.09,,2018,true
,32276,75606.16,2731.16,2018,true
,32277,78630.41,2209.74,2018,true
,32278,75606.16,2051.79,2018,true
,32279,78630.41,8850.41,2018,true
,32280,78630.41,1807.22,2018,true
,32281,73482.26,15132.25,2018,true
,32282,75606.16,3104.33,2018,true
,32287,78630.41,18145.06,2018,true
,32288,83280.23,10314.23,2018,true
,32289,77118.28,3602.5,2018,true
,32290,78630.41,1895.28,2018,true
,32292,75606.16,4534.91,2018,true
,32294,62835.09,837.11,2018,true
,32295,101810.36,10310.18,2018,true
,32297,84376.67,16166.38,2018,true
,32298,86054.72,1543.6,2018,true
,32299,89496.91,14581.98,2018,true
,32300,75606.16,2839.62,2018,true
,32301,101810.36,6372.53,2018,true
,32302,75606.16,10835.62,2018,true
,32303,101810.36,16530.53,2018,true
,32304,53416.67,200.17,2018,true
,32305,75606.16,1652.9,2018,true
,32306,62835.09,2995.11,2018,true
,32307,65348.49,1010.18,2018,true
,32308,77118.28,6605.58,2018,true
,32309,65348.49,259.91,2018,true
,32312,75606.16,4191.27,2018,true
,32313,84913.17,,2018,true
,32314,77118.28,878.88,2018,true
,32316,78630.41,7052.46,2018,true
,32317,89496.91,13010.13,2018,true
,32318,78630.41,2512.33,2018,true
,32320,78630.41,1763.1,2018,true
,32322,75606.16,3687.27,2018,true
,32324,75606.16,9751.87,2018,true
,32325,87775.81,6068.0,2018,true
,32326,101810.36,,2018,true
,32328,78630.41,,2018,true
,32331,77118.28,21105.37,2018,true
,32332,84376.67,205.69,2018,true
,32333,75606.16,,2018,true
,32337,75606.16,1836.62,2018,true
,32338,78630.41,19139.01,2018,true
,32340,86570.32,,2018,true
,32341,78630.41,10073.06,2018,true
,32342,89496.91,13987.98,2018,true
,32343,75606.16,5438.96,2018,true
,32344,89496.91,11252.87,2018,true
,32345,101810.36,3366.98,2018,true
,32346,87775.81,40500.99,2018,true
,32347,77118.28,11196.57,2018,true
,32351,78630.41,12723.61,2018,true
,32355,89496.91,12396.72,2018,true
,32356,78630.41,455.46,2018,true
,32357,90033.13,2439.26,2018,true
,32358,65348.49,,2018,true
,32359,89496.91,26416.18,2018,true
,32360,77118.28,,2018,true
,32365,75606.16,1991.0,2018,true
,32367,62835.09,578.86,2018,true
,32368,90033.13,13794.42,2018,true
,32369,90033.13,4525.22,2018,true
,32370,90033.13,35296.26,2018,true
,32371,65348.49,,2018,true
,32373,64091.79,1120.21,2018,true
,32376,77118.28,3876.05,2018,true
,32377,54485.0,195.03,2018,true
,32378,75606.16,10835.59,2018,true
,32379,75606.16,4492.39,2018,true
,32380,90033.13,1682.25,2018,true
,32383,75606.16,1539.88,2018,true
,32386,78630.41,11152.8,2018,true
,32387,78630.41,,2018,true
,32389,119806.96,,2018,true
,32390,54485.0,,2018,true
,32391,77118.28,5908.1,2018,true
,32392,77118.28,1810.54,2018,true
,32393,78630.41,5039.44,2018,true
,32394,86570.32,10832.76,2018,true
,32395,86570.32,33611.61,2018,true
,32397,75606.16,12037.02,2018,true
,32398,78630.41,14845.97,2018,true
,32399,89496.91,9632.15,2018,true
,32400,55553.34,352.27,2018,true
,32401,77118.28,1748.24,2018,true
,32403,86570.32,582.3,2018,true
,32404,75606.16,13336.3,2018,true
,32405,78630.41,5744.81,2018,true
,32406,77118.28,16744.68,2018,true
,32407,88301.73,,2018,true
,32408,78630.41,5497.77,2018,true
,32409,75606.16,1647.2,2018,true
,32410,89496.91,26476.94,2018,true
,32416,78630.41,5522.41,2018,true
,32417,78630.41,5521.32,2018,true
,32418,65348.49,830.4,2018,true
,32419,77118.28,,2018,true
,32420,86054.72,12091.91,2018,true
,32421,75606.16,,2018,true
,32422,78630.41,,2018,true
,32423,78630.41,2541.76,2018,true
,32424,110463.48,1661.26,2018,true
,32425,97894.58,8390.17,2018,true
,32426,75606.16,452.08,2018,true
,32428,114882.02,7748.87,2018,true
,32429,77118.28,1152.87,2018,true
,32430,75606.16,5848.79,2018,true
,32431,78630.41,,2018,true
,32433,77118.28,3328.71,2018,true
,32435,78630.41,,2018,true
,32436,62835.09,2440.27,2018,true
,32437,62835.09,,2018,true
,32438,97894.58,3329.25,2018,true
,32439,90033.13,3693.15,2018,true
,32440,90033.13,1783.21,2018,true
,32441,77118.28,981.04,2018,true
,32443,53416.67,,2018,true
,32445,78630.41,11900.91,2018,true
,32446,78630.41,48903.24,2018,true
,32447,75606.16,7887.12,2018,true
,32448,75606.16,,2018,true
,32451,110463.48,13457.28,2018,true
,32452,78630.41,9931.59,2018,true
,32453,78630.41,1866.4,2018,true
,32454,87775.81,23264.56,2018,true
,32455,90033.13,6829.9,2018,true
,32456,78630.41,,2018,true
,32457,78630.41,3202.9,2018,true
,32458,90033.13,39652.48,2018,true
,32459,78630.41,,2018,true
,32460,75606.16,,2018,true
,32461,62835.09,,2018,true
,32463,90033.13,,2018,true
,32464,74923.09,13586.3,2018,true
,32465,97894.58,1682.91,2018,true
,32466,75606.16,163.85,2018,true
,32468,78630.41,12128.34,2018,true
,32473,77118.28,7003.39,2018,true
,32474,77118.28,7714.16,2018,true
,32475,89496.91,20512.29,2018,true
,32477,86054.72,26216.67,2018,true
,32478,77118.28,2581.88,2018,true
,32479,82754.04,5759.72,2018,true
,32480,96020.88,27545.78,2018,true
,32482,78630.41,13854.68,2018,true
,32483,78630.41,1381.09,2018,true
,32486,78630.41,4833.8,2018,true
,32489,89496.91,18831.7,2018,true
,32490,55553.34,,2018,true
,32491,75606.16,10114.73,2018,true
,32492,77118.28,11787.38,2018,true
,32496,78630.41,2330.22,2018,true
,32497,86570.32,1083.73,2018,true
,32498,101810.36,1426.69,2018,true
,32500,75606.16,8956.28,2018,true
,32504,101810.36,4539.61,2018,true
,32505,74923.09,1086.69,2018,true
,32507,77118.28,,2018,true
,32508,78630.41,6408.31,2018,true
,32510,89496.91,12723.79,2018,true
,32512,75606.16,5914.31,2018,true
,32513,75606.16,,2018,true
,32514,78630.41,,2018,true
,32515,77118.28,12723.76,2018,true
,32516,78630.41,3070.59,2018,true
,32517,78630.41,176.31,2018,true
,32518,77118.28,6026.56,2018,true
,32520,78630.41,910.92,2018,true
,32521,88301.73,8002.07,2018,true
,32522,87775.81,21517.32,2018,true
,32523,78630.41,24488.1,2018,true
,32524,55553.34,100.95,2018,true
,32525,89496.91,9230.61,2018,true
,32526,89496.91,37636.97,2018,true
,32527,78630.41,1901.2,2018,true
,32529,78630.41,10916.29,2018,true
,32532,78630.41,4877.54,2018,true
,32533,86570.32,50318.49,2018,true
,32534,86054.72,6270.12,2018,true
,32535,89496.91,4648.85,2018,true
,32536,78630.41,5979.76,2018,true
,32539,114882.02,29879.3,2018,true
,32541,75606.16,5057.63,2018,true
,32542,86570.32,20510.05,2018,true
,32543,75606.16,4581.95,2018,true
,32544,75606.16,6879.51,2018,true
,32545,64091.79,81.44,2018,true
,32546,77118.28,,2018,true
,32549,78630.41,12618.17,2018,true
,32552,75606.16,22236.68,2018,true
,32553,62835.09,,2018,true
,32554,78630.41,1674.89,2018,true
,32555,64091.79,939.46,2018,true
,32556,75606.16,,2018,true
,32557,75606.16,20400.09,2018,true
,32559,62835.09,157.32,2018,true
,32560,77118.28,29939.49,2018,true
,32561,53416.67,651.89,2018,true
,32563,55553.34,,2018,true
,32564,77118.28,13847.58,2018,true
,32565,78630.41,4826.29,2018,true
,32567,75606.16,3076.01,2018,true
,32568,89496.91,19058.02,2018,true
,32569,77118.28,,2018,true
,32570,78630.41,20422.53,2018,true
,32571,78630.41,22149.08,2018,true
,32572,78630.41,969.7,2018,true
,32573,73482.26,2175.84,2018,true
,32574,77118.28,1939.6,2018,true
,32575,78630.41,6131.45,2018,true
,32576,75606.16,2528.77,2018,true
,32577,101810.36,6818.85,2018,true
,32578,78630.41,,2018,true
,32580,138885.24,,2018,true
,32581,65348.49,,2018,true
,32582,77118.28,4144.23,2018,true
,32583,75606.16,,2018,true
,32584,78630.41,,2018,true
,32585,75606.16,,2018,true
,32586,65348.49,195.36,2018,true
,32587,86054.72,32481.06,2018,true
,32588,75606.16,16500.65,2018,true
,32589,78630.41,17003.3,2018,true
,32590,65348.49,177.29,2018,true
,32591,89496.91,6053.53,2018,true
,32593,65348.49,406.02,2018,true
,32595,78630.41,12189.84,2018,true
,32596,78630.41,11665.71,2018,true
,32597,106263.57,9220.91,2018,true
,32598,89496.91,4334.36,2018,true
,32599,75606.16,4825.85,2018,true
,32601,89496.91,32240.17,2018,true
,32602,75606.16,4902.19,2018,true
,32603,77118.28,20543.8,2018,true
,32605,77118.28,10706.54,2018,true
,32606,78630.41,558.31,2018,true
,32608,75606.16,383.1,2018,true
,32609,86570.32,24699.41,2018,true
,32610,75606.16,,2018,true
,32613,75606.16,12672.18,2018,true
,32616,78630.41,734.62,2018,true
,32617,89496.91,56058.41,2018,true
,32619,78630.41,11386.63,2018,true
,32622,54485.0,676.98,2018,true
,32626,75606.16,10581.34,2018,true
,32627,78630.41,8447.95,2018,true
,32629,65348.49,388.65,2018,true
,32630,90033.13,10626.76,2018,true
,32631,75606.16,,2018,true
,32634,86054.72,42299.78,2018,true
,32635,75606.16,15500.75,2018,true
,32636,90033.13,9252.49,2018,true
,32637,78630.41,4451.77,2018,true
,32639,78630.41,808.08,2018,true
,32641,53416.67,449.1,2018,true
,32642,55553.34,,2018,true
,32643,87775.81,3737.95,2018,true
,32644,72041.43,3207.39,2018,true
,32645,78630.41,29884.36,2018,true
,32646,89496.91,24398.71,2018,true
,32647,75606.16,,2018,true
,32648,78630.41,117.54,2018,true
,32650,65348.49,,2018,true
,32653,87775.81,,2018,true
,32654,64091.79,7680.57,2018,true
,32655,78630.41,5858.18,2018,true
,32656,86570.32,10772.55,2018,true
,32659,75606.16,550.97,2018,true
,32660,101810.36,13848.53,2018,true
,32661,89496.91,4849.53,2018,true
,32662,86570.32,1585.15,2018,true
,32664,78630.41,4249.05,2018,true
,32665,92327.77,,2018,true
,32666,140103.08,,2018,true
,32667,65348.49,1868.51,2018,true
,32669,55553.34,,2018,true
,32670,88301.73,,2018,true
,32671,77118.28,,2018,true
,32672,75606.16,14211.76,2018,true
,32674,75606.16,791.13,2018,true
,32675,75606.16,,2018,true
,32676,75606.16,1412.75,2018,true
,32677,72041.43,450.48,2018,true
,32678,81647.28,3760.59,2018,true
,32682,75606.16,113.02,2018,true
,32683,86054.72,5692.24,2018,true
,32684,75606.16,17422.94,2018,true
,32685,75606.16,,2018,true
,32686,90033.13,13583.88,2018,true
,32687,89496.91,39624.06,2018,true
,32689,75606.16,,2018,true
,32692,86570.32,,2018,true
,32693,78630.41,2997.26,2018,true
,32695,88301.73,7951.8,2018,true
,32696,75606.16,1822.24,2018,true
,32697,75606.16,12389.61,2018,true
,32698,86054.72,,2018,true
,32699,78630.41,4540.67,2018,true
,32700,86570.32,8152.3,2018,true
,32702,62835.09,,2018,true
,32703,84913.17,7061.68,2018,true
,32705,75606.16,7126.92,2018,true
,32706,75606.16,1877.89,2018,true
,32708,75606.16,3969.75,2018,true
,32709,75606.16,4456.06,2018,true
,32710,75606.16,6407.43,2018,true
,32711,86570.32,10481.4,2018,true
,32713,84913.17,2063.94,2018,true
,32714,81131.41,8657.61,2018,true
,32716,138885.24,9115.19,2018,true
,32717,55553.34,,2018,true
,32718,86570.32,12907.67,2018,true
,32719,88301.73,4047.72,2018,true
,32720,84913.17,19239.58,2018,true
,32721,78630.41,4755.55,2018,true
,32722,78630.41,3246.74,2018,true
,32723,90033.13,2691.59,2018,true
,32724,78630.41,7714.47,2018,true
,32725,88301.73,20382.73,2018,true
,32726,78630.41,675.85,2018,true
,32727,78630.41,11254.31,2018,true
,32730,77118.28,8804.51,2018,true
,32731,86054.72,42057.8,2018,true
,32733,78630.41,7331.45,2018,true
,32734,90033.13,24880.58,2018,true
,32735,75606.16,1798.64,2018,true
,32736,75606.16,127.15,2018,true
,32738,75606.16,1412.75,2018,true
,32739,75606.16,6329.11,2018,true
,32740,90033.13,5265.41,2018,true
,32741,87775.81,20378.69,2018,true
,32743,89496.91,15839.15,2018,true
,32744,75606.16,22850.28,2018,true
,32745,78630.41,6479.41,2018,true
,32746,78630.41,8492.06,2018,true
,32747,75606.16,671.3,2018,true
,32750,75606.16,1438.5,2018,true
,32752,88301.73,17021.75,2018,true
,32753,75606.16,,2018,true
,32754,65348.49,,2018,true
,32756,75606.16,,2018,true
,32760,78630.41,,2018,true
,32761,78630.41,6210.39,2018,true
,32762,75606.16,16698.59,2018,true
,32764,78630.41,1880.64,2018,true
,32766,75606.16,18667.67,2018,true
,32767,78630.41,3163.63,2018,true
,32768,75606.16,6765.2,2018,true
,32770,78630.41,1046.78,2018,true
,32771,75606.16,18422.24,2018,true
,32772,55553.34,,2018,true
,32773,73482.26,622.7,2018,true
,32775,87775.81,20818.82,2018,true
,32777,72041.43,1886.75,2018,true
,32778,78630.41,470.16,2018,true
,32781,55553.34,,2018,true
,32782,78630.41,,2018,true
,32783,75606.16,4252.32,2018,true
,32785,78630.41,12003.56,2018,true
,32786,75606.16,26989.99,2018,true
,32788,53416.67,,2018,true
,32789,78630.41,4994.27,2018,true
,32790,78630.41,26461.44,2018,true
,32791,78630.41,,2018,true
,32794,62835.09,608.78,2018,true
,32796,78630.41,6842.07,2018,true
,32798,75606.16,13206.91,2018,true
,32799,75606.16,5043.45,2018,true
,32801,97894.58,8835.13,2018,true
,32803,75606.16,1200.93,2018,true
,32806,65348.49,238.76,2018,true
,32807,98962.93,,2018,true
,32808,89496.91,22158.29,2018,true
,32813,140103.08,,2018,true
,32814,89496.91,702.34,2018,true
,32815,140103.08,,2018,true
,32816,75606.16,113.02,2018,true
,32817,78630.41,12223.83,2018,true
,32818,77118.28,,2018,true
,32819,78630.41,19628.17,2018,true
,32820,78630.41,10403.66,2018,true
,32823,72041.43,93.92,2018,true
,32827,65348.49,,2018,true
,32828,75606.16,16147.71,2018,true
,32829,112672.75,9136.78,2018,true
,32831,78630.41,2321.36,2018,true
,32832,78630.41,,2018,true
,32833,77118.28,893.56,2018,true
,32835,99555.9,,2018,true
,32836,88301.73,23330.32,2018,true
,32837,74923.09,4141.66,2018,true
,32838,75606.16,12219.88,2018,true
,32840,90033.13,26276.71,2018,true
,32842,101810.36,10709.67,2018,true
,32843,89496.91,10117.06,2018,true
,32844,72041.43,3583.48,2018,true
,32848,89496.91,351.17,2018,true
,32849,75606.16,12282.97,2018,true
,32850,62835.09,758.44,2018,true
,32852,90033.13,9898.72,2018,true
,32853,90033.13,35800.28,2018,true
,32856,74923.09,2412.46,2018,true
,32858,96020.88,23301.55,2018,true
,32860,90033.13,7122.66,2018,true
,32861,74923.09,1399.85,2018,true
,32862,89496.91,11600.0,2018,true
,32863,90033.13,1342.38,2018,true
,32864,89496.91,5757.87,2018,true
,32867,75606.16,646.08,2018,true
,32868,78630.41,28671.19,2018,true
,32870,75606.16,2839.72,2018,true
,32871,54485.0,82.52,2018,true
,32872,77118.28,2534.41,2018,true
,32873,73482.26,14772.79,2018,true
,32874,96020.88,10823.42,2018,true
,32876,86054.72,11834.11,2018,true
,32877,64091.79,5020.31,2018,true
,32878,78630.41,2206.72,2018,true
,32879,75606.16,762.88,2018,true
,32881,78630.41,2857.63,2018,true
,32882,78630.41,12038.99,2018,true
,32883,78630.41,8962.22,2018,true
,32884,78630.41,6548.08,2018,true
,32885,62835.09,4270.24,2018,true
,32887,78630.41,,2018,true
,32888,89496.91,23573.33,2018,true
,32889,78630.41,2571.08,2018,true
,32891,80520.56,4739.17,2018,true
,32892,78630.41,2380.15,2018,true
,32893,101810.36,33866.34,2018,true
,32894,84376.67,788.25,2018,true
,32895,78630.41,1234.14,2018,true
,32896,75606.16,5057.51,2018,true
,32897,78630.41,293.85,2018,true
,32898,55553.34,,2018,true
,32900,53416.67,161.81,2018,true
,32903,77118.28,9169.25,2018,true
,32905,99555.9,,2018,true
,32906,75606.16,,2018,true
,32908,75606.16,4068.68,2018,true
,32909,78630.41,8374.66,2018,true
,32912,77118.28,,2018,true
,32913,86570.32,25006.55,2018,true
,32914,83280.23,11204.82,2018,true
,32917,78630.41,4245.94,2018,true
,32918,75606.16,7947.53,2018,true
,32919,101810.36,10549.09,2018,true
,32921,75606.16,11866.71,2018,true
,32924,90033.13,20473.12,2018,true
,32926,75606.16,8335.15,2018,true
,32927,78630.41,7317.59,2018,true
,32929,78630.41,7081.89,2018,true
,32930,75606.16,3065.66,2018,true
,32933,90033.13,7301.11,2018,true
,32934,78630.41,50311.72,2018,true
,32935,81647.28,10477.3,2018,true
,32936,90033.13,7872.15,2018,true
,32937,90033.13,7334.59,2018,true
,32938,86570.32,347.43,2018,true
,32940,65348.49,,2018,true
,32941,90033.13,2052.34,2018,true
,32942,120405.08,671.21,2018,true
,32943,78630.41,2141.01,2018,true
,32944,72041.43,1075.12,2018,true
,32945,82754.04,8253.92,2018,true
,32946,75606.16,2006.08,2018,true
,32947,53416.67,153.18,2018,true
,32948,78630.41,8789.06,2018,true
,32949,72041.43,,2018,true
,32950,90033.13,,2018,true
,32951,90033.13,,2018,true
,32954,75606.16,7595.11,2018,true
,32956,53416.67,,2018,true
,32957,75606.16,,2018,true
,32959,101810.36,4736.6,2018,true
,32960,78630.41,8841.45,2018,true
,32961,78630.41,4275.51,2018,true
,32962,78630.41,,2018,true
,32963,55553.34,619.49,2018,true
,32964,53416.67,,2018,true
,32965,89496.91,4322.98,2018,true
,32966,65348.49,1710.03,2018,true
,32967,64091.79,1062.58,2018,true
,32968,77118.28,,2018,true
,32969,78630.41,,2018,true
,32970,75606.16,254.29,2018,true
,32971,87775.81,11360.04,2018,true
,32973,78630.41,7169.77,2018,true
,32974,89496.91,18610.78,2018,true
,32975,78630.41,11387.96,2018,true
,32977,75606.16,,2018,true
,32978,78630.41,440.77,2018,true
,32981,89496.91,15074.65,2018,true
,32982,75606.16,603.41,2018,true
,32983,86570.32,4124.6,2018,true
,32984,86570.32,35575.29,2018,true
,32985,99852.47,26049.19,2018,true
,32986,90033.13,,2018,true
,32987,90033.13,15476.83,2018,true
,31936,87531.16,18758.11,2019,true
,31938,99650.02,6978.24,2019,true
,31939,89031.1,11762.53,2019,true
,31940,86571.08,5062.67,2019,true
,31942,115581.16,18732.57,2019,true
,31945,84910.08,,2019,true
,31946,94429.16,21850.47,2019,true
,31947,71747.0,5624.78,2019,true
,31948,84210.16,,2019,true
,31950,85471.02,1039.48,2019,true
,31951,88031.14,13616.92,2019,true
,31952,87431.06,1177.58,2019,true
,31953,99850.22,15858.68,2019,true
,31954,87171.16,8224.97,2019,true
,31957,93393.18,12844.38,2019,true
,31958,49438.0,,2019,true
,31962,97623.16,1999.53,2019,true
,31963,105503.08,4077.93,2019,true
,31966,58647.0,,2019,true
,31967,114481.1,3929.87,2019,true
,31968,96548.2,4981.95,2019,true
,31970,83410.14,,2019,true
,31971,85710.1,19221.64,2019,true
,31975,99650.02,,2019,true
,31976,85471.02,10607.47,2019,true
,31977,59820.0,,2019,true
,31978,83910.12,14204.47,2019,true
,31979,99750.12,73.88,2019,true
,31980,85571.12,13311.07,2019,true
,31981,86571.08,19406.59,2019,true
,31982,87031.18,10429.66,2019,true
,31983,86410.02,10316.09,2019,true
,31984,87431.06,,2019,true
,31985,83910.12,932.38,2019,true
,31986,85571.12,,2019,true
,31988,86510.12,9010.78,2019,true
,31989,87131.02,1616.15,2019,true
,31990,99050.2,,2019,true
,31992,94429.16,3917.19,2019,true
,31993,93393.18,16334.39,2019,true
,31996,88231.08,5838.0,2019,true
,31997,106324.12,7993.73,2019,true
,31998,100223.16,10710.98,2019,true
,31999,82360.1,9295.79,2019,true
,32000,83910.12,17766.32,2019,true
,32001,101550.1,30586.41,2019,true
,32003,83410.14,,2019,true
,32004,99214.12,,2019,true
,32007,70367.0,,2019,true
,32009,80678.0,,2019,true
,32010,88231.08,22016.64,2019,true
,32011,71747.0,1597.19,2019,true
,32012,87131.02,12763.5,2019,true
,32014,101550.1,24755.22,2019,true
,32015,83810.02,22865.39,2019,true
,32017,83910.12,1423.42,2019,true
,32018,85571.12,6898.79,2019,true
,32019,85271.08,,2019,true
,32020,86731.14,4174.69,2019,true
,32021,85571.12,,2019,true
,32022,86531.2,6317.85,2019,true
,32024,83810.02,3725.05,2019,true
,32025,86531.2,,2019,true
,32026,58647.0,,2019,true
,32027,82260.0,85.48,2019,true
,32028,83110.1,13308.96,2019,true
,32029,82260.0,8035.11,2019,true
,32030,100223.16,32973.79,2019,true
,32031,97233.1,45209.63,2019,true
,32032,90961.16,,2019,true
,32033,96548.2,6267.2,2019,true
,32035,86531.2,8121.39,2019,true
,32036,71747.0,,2019,true
,32038,99514.16,23679.79,2019,true
,32042,83710.18,2120.29,2019,true
,32044,96433.08,20608.4,2019,true
,32045,99414.06,5829.46,2019,true
,32046,99114.02,1079.93,2019,true
,32048,83610.08,11845.27,2019,true
,32050,86431.1,2248.4,2019,true
,32051,87171.16,12656.86,2019,true
,32052,84210.16,1190.04,2019,true
,32053,83710.18,,2019,true
,32054,124981.06,,2019,true
,32055,103869.16,17903.8,2019,true
,32056,108731.16,,2019,true
,32057,87531.16,14292.81,2019,true
,32058,88631.22,352.62,2019,true
,32060,82360.1,5710.87,2019,true
,32062,87431.06,19543.05,2019,true
,32063,97933.02,59810.88,2019,true
,32066,90131.16,16501.12,2019,true
,32069,86731.14,6667.27,2019,true
,32070,89031.1,10566.63,2019,true
,32071,86810.16,44807.19,2019,true
,32072,87431.06,,2019,true
,32073,87431.06,6255.61,2019,true
,32074,100814.16,27741.7,2019,true
,32076,87131.02,7660.07,2019,true
,32077,98133.22,28835.48,2019,true
,32078,99214.12,13140.41,2019,true
,32079,87131.02,8449.79,2019,true
,32080,82360.1,4752.99,2019,true
,32081,60993.0,,2019,true
,32083,85471.02,5360.28,2019,true
,32084,86731.14,3292.74,2019,true
,32085,86410.02,17190.83,2019,true
,32088,99550.18,,2019,true
,32090,100550.14,2914.22,2019,true
,32091,86810.16,17551.07,2019,true
,32092,83610.08,21735.1,2019,true
,32096,109782.22,37527.01,2019,true
,32097,98249.0,26383.4,2019,true
,32098,93829.08,2868.63,2019,true
,32100,85771.06,443.59,2019,true
,32102,99249.22,10288.5,2019,true
,32105,82360.1,12334.65,2019,true
,32106,86810.16,12079.27,2019,true
,32112,90131.16,4591.07,2019,true
,32115,87971.18,28448.53,2019,true
,32116,112881.06,8605.19,2019,true
,32117,87831.2,705.24,2019,true
,32118,98448.02,8366.2,2019,true
,32119,58647.0,,2019,true
,32120,141663.08,,2019,true
,32121,101714.02,24747.2,2019,true
,32122,89031.1,6027.89,2019,true
,32123,129832.06,8247.55,2019,true
,32124,71747.0,5865.61,2019,true
,32125,113032.02,3273.66,2019,true
,32130,87231.12,5288.08,2019,true
,32132,84110.06,27071.11,2019,true
,32134,98748.06,55989.94,2019,true
,32135,86631.04,6823.16,2019,true
,32136,83410.14,11057.59,2019,true
,32137,84010.22,248.17,2019,true
,32138,88231.08,,2019,true
,32140,85471.02,4547.99,2019,true
,32141,129932.16,10347.24,2019,true
,32144,86331.0,16353.63,2019,true
,32146,88231.08,2999.89,2019,true
,32148,70367.0,3516.88,2019,true
,32150,98849.08,13040.59,2019,true
,32152,85571.12,1428.95,2019,true
,32153,129232.24,34337.51,2019,true
,32154,101014.1,28556.12,2019,true
,32155,89831.12,11065.28,2019,true
,32156,86310.18,11633.29,2019,true
,32157,84971.04,391.03,2019,true
,32159,95848.02,2739.36,2019,true
,32161,83610.08,6240.83,2019,true
,32163,83810.02,1675.01,2019,true
,32164,86531.2,,2019,true
,32167,86931.08,18704.21,2019,true
,32168,100750.08,5679.7,2019,true
,32169,87031.18,984.37,2019,true
,32172,83210.2,527.37,2019,true
,32173,88031.14,18068.94,2019,true
,32174,88031.14,53044.31,2019,true
,32177,82260.0,13095.41,2019,true
,32178,84910.08,17980.3,2019,true
,32179,85071.14,2702.55,2019,true
,32180,100750.08,4970.73,2019,true
,32181,87231.12,8641.35,2019,true
,32182,86531.2,,2019,true
,32183,87231.12,1110.44,2019,true
,32184,120370.06,25534.25,2019,true
,32185,79196.1,6961.12,2019,true
,32186,106924.2,12332.72,2019,true
,32187,83910.12,,2019,true
,32188,98448.02,17385.18,2019,true
,32190,95733.16,12194.46,2019,true
,32191,71747.0,,2019,true
,32192,83810.02,3137.19,2019,true
,32193,83910.12,,2019,true
,32194,87231.12,242.61,2019,true
,32195,92343.1,6630.13,2019,true
,32196,100550.14,,2019,true
,32201,47537.0,,2019,true
,32202,82360.1,17488.57,2019,true
,32203,83710.18,3161.7,2019,true
,32205,68988.0,,2019,true
,32206,85471.02,1250.75,2019,true
,32207,83910.12,2549.66,2019,true
,32208,82260.0,3147.03,2019,true
,32209,128632.16,2655.76,2019,true
,32216,102250.02,36430.68,2019,true
,32217,84110.06,1240.85,2019,true
,32218,89031.1,4866.99,2019,true
,32220,83910.12,3106.55,2019,true
,32223,82360.1,9207.72,2019,true
,32224,141663.08,,2019,true
,32225,90028.12,11122.82,2019,true
,32226,89931.22,8564.21,2019,true
,32228,84210.16,7959.21,2019,true
,32229,102114.16,23094.13,2019,true
,32230,83810.02,6262.2,2019,true
,32231,83910.12,,2019,true
,32232,97033.16,23414.9,2019,true
,32233,83310.04,762.88,2019,true
,32234,101614.18,39304.22,2019,true
,32235,87031.18,,2019,true
,32237,99750.12,26147.27,2019,true
,32238,87431.06,13063.02,2019,true
,32239,86810.16,,2019,true
,32240,68988.0,175.33,2019,true
,32241,85710.1,6114.5,2019,true
,32244,83910.12,,2019,true
,32249,100814.16,23455.41,2019,true
,32250,87431.06,34667.76,2019,true
,32254,115381.22,10471.3,2019,true
,32255,87171.16,,2019,true
,32256,83710.18,1520.06,2019,true
,32257,87031.18,13988.52,2019,true
,32258,84010.22,310.25,2019,true
,32260,102114.16,41386.68,2019,true
,32261,99450.08,1648.62,2019,true
,32267,99314.22,23159.32,2019,true
,32268,102450.22,19162.2,2019,true
,32269,79096.0,5949.77,2019,true
,32271,82260.0,9763.77,2019,true
,32272,110882.02,60492.85,2019,true
,32275,86431.1,,2019,true
,32276,83810.02,932.66,2019,true
,32277,86731.14,3398.81,2019,true
,32278,83310.04,10126.49,2019,true
,32279,88231.08,4172.09,2019,true
,32280,87231.12,2239.16,2019,true
,32281,84871.2,18656.0,2019,true
,32282,83610.08,1299.69,2019,true
,32287,87531.16,28900.23,2019,true
,32288,97949.22,18602.12,2019,true
,32289,86571.08,4400.49,2019,true
,32290,87331.22,3583.2,2019,true
,32291,59820.0,,2019,true
,32292,83610.08,1610.5,2019,true
,32294,79096.0,3595.08,2019,true
,32295,114481.1,11497.66,2019,true
,32297,99314.22,14477.71,2019,true
,32298,98233.06,565.22,2019,true
,32299,100214.08,27608.78,2019,true
,32300,84910.08,7730.44,2019,true
,32301,115181.02,6200.89,2019,true
,32302,83910.12,10915.11,2019,true
,32303,115181.02,11431.49,2019,true
,32304,68988.0,573.87,2019,true
,32305,84010.22,900.26,2019,true
,32306,79196.1,1221.11,2019,true
,32307,82260.0,,2019,true
,32308,85971.0,11927.69,2019,true
,32309,82260.0,1587.36,2019,true
,32312,83810.02,4324.65,2019,true
,32313,99250.14,,2019,true
,32314,85271.08,126.57,2019,true
,32316,87631.0,19974.65,2019,true
,32317,102114.16,24841.09,2019,true
,32318,86731.14,4467.18,2019,true
,32320,87031.18,4981.99,2019,true
,32322,84110.06,3574.03,2019,true
,32324,83810.02,16868.66,2019,true
,32325,98723.22,16979.58,2019,true
,32326,114281.16,,2019,true
,32328,86931.08,,2019,true
,32331,85471.02,11300.15,2019,true
,32332,99514.16,138.56,2019,true
,32333,83310.04,,2019,true
,32337,85710.1,1702.93,2019,true
,32338,87431.06,24751.67,2019,true
,32340,98848.16,,2019,true
,32341,87230.86,11447.93,2019,true
,32342,99314.22,15797.4,2019,true
,32343,84210.16,948.41,2019,true
,32344,101014.1,21891.07,2019,true
,32345,114681.04,11896.41,2019,true
,32346,99723.18,51691.12,2019,true
,32347,86171.2,15392.62,2019,true
,32351,87231.12,12124.8,2019,true
,32356,87631.0,443.32,2019,true
,32357,100350.2,10988.14,2019,true
,32358,82360.1,,2019,true
,32359,101814.12,34120.56,2019,true
,32360,87171.16,,2019,true
,32365,83310.04,,2019,true
,32367,79096.0,1279.71,2019,true
,32368,99850.22,12989.59,2019,true
,32369,101550.1,3938.61,2019,true
,32370,100150.0,31041.38,2019,true
,32371,82260.0,6650.95,2019,true
,32373,80678.0,7950.87,2019,true
,32376,86971.22,2721.38,2019,true
,32377,70367.0,3497.4,2019,true
,32378,83910.12,10468.1,2019,true
,32379,83810.02,13357.33,2019,true
,32380,100750.08,6547.22,2019,true
,32383,84910.08,,2019,true
,32386,87431.06,9935.93,2019,true
,32387,87231.12,646.45,2019,true
,32389,128032.08,2850.7,2019,true
,32390,70367.0,178.85,2019,true
,32391,86371.14,2476.1,2019,true
,32392,85471.02,1150.63,2019,true
,32393,89731.02,6840.18,2019,true
,32395,98448.02,45483.42,2019,true
,32396,58647.0,,2019,true
,32397,87231.12,14429.24,2019,true
,32398,86731.14,6082.5,2019,true
,32399,99314.22,8712.97,2019,true
,32400,71747.0,2479.8,2019,true
,32401,85471.02,2146.55,2019,true
,32403,98348.18,258.81,2019,true
,32404,85510.16,17105.95,2019,true
,32405,93593.12,3342.81,2019,true
,32406,85571.12,11021.54,2019,true
,32407,97949.22,,2019,true
,32408,87431.06,15197.55,2019,true
,32409,83810.02,1849.2,2019,true
,32410,98914.08,35335.07,2019,true
,32416,87131.02,6100.86,2019,true
,32417,87231.12,5643.27,2019,true
,32418,82260.0,1698.41,2019,true
,32419,85571.12,,2019,true
,32420,95733.16,26655.79,2019,true
,32421,84510.2,,2019,true
,32422,87231.12,,2019,true
,32423,88231.08,1041.62,2019,true
,32424,124881.22,6150.88,2019,true
,32425,109382.08,7303.53,2019,true
,32426,84010.22,2393.15,2019,true
,32428,129732.22,6032.72,2019,true
,32429,85771.06,2401.43,2019,true
,32430,84910.08,4762.0,2019,true
,32431,87131.02,140.88,2019,true
,32433,87371.1,3157.4,2019,true
,32435,87231.12,,2019,true
,32436,79196.1,630.92,2019,true
,32437,79096.0,8273.27,2019,true
,32438,108682.16,30834.59,2019,true
,32439,101150.22,1088.44,2019,true
,32440,101550.1,858.94,2019,true
,32441,85471.02,1272.31,2019,true
,32443,68988.0,175.33,2019,true
,32445,87431.06,19366.44,2019,true
,32446,87231.12,59665.01,2019,true
,32447,83610.08,4132.94,2019,true
,32448,83810.02,,2019,true
,32450,58647.0,,2019,true
,32451,125081.16,17900.97,2019,true
,32452,88031.14,6573.09,2019,true
,32453,87131.02,503.21,2019,true
,32454,97623.16,13543.52,2019,true
,32455,99750.12,21511.52,2019,true
,32456,87631.0,,2019,true
,32457,86731.14,6625.2,2019,true
,32458,102450.22,47625.4,2019,true
,32459,87131.02,3630.83,2019,true
,32461,79196.1,,2019,true
,32463,99850.22,1219.02,2019,true
,32464,86531.2,13735.6,2019,true
,32465,86531.2,763.16,2019,true
,32466,83310.04,,2019,true
,32468,87031.18,10500.63,2019,true
,32473,85571.12,3923.15,2019,true
,32474,85071.14,2603.65,2019,true
,32475,101014.1,17786.66,2019,true
,32476,59820.0,,2019,true
,32477,95733.16,35991.56,2019,true
,32478,85471.02,3698.56,2019,true
,32479,97723.0,18641.84,2019,true
,32480,112681.12,22107.03,2019,true
,32482,94129.12,16662.37,2019,true
,32483,87431.06,1032.38,2019,true
,32486,88831.16,5887.71,2019,true
,32489,100214.08,25447.71,2019,true
,32490,71747.0,214.5,2019,true
,32491,84110.06,11116.7,2019,true
,32492,92636.16,14186.7,2019,true
,32495,49438.0,,2019,true
,32496,88031.14,12143.51,2019,true
,32497,95848.02,727.91,2019,true
,32498,115181.02,8188.56,2019,true
,32500,84010.22,5104.18,2019,true
,32504,112881.06,9050.96,2019,true
,32505,86531.2,891.18,2019,true
,32507,85571.12,,2019,true
,32508,87131.02,4009.17,2019,true
,32510,99314.22,19801.62,2019,true
,32512,83910.12,8133.76,2019,true
,32513,84109.8,,2019,true
,32514,87331.22,,2019,true
,32516,88231.08,17662.51,2019,true
,32517,86431.1,,2019,true
,32518,85571.12,5566.25,2019,true
,32519,58647.0,,2019,true
,32520,86731.14,2122.61,2019,true
,32521,100249.18,3168.12,2019,true
,32523,89731.02,30184.85,2019,true
,32524,71747.0,453.06,2019,true
,32525,102114.16,9733.99,2019,true
,32526,101414.24,32969.52,2019,true
,32527,86731.14,6926.72,2019,true
,32529,88431.02,29987.57,2019,true
,32532,86931.08,5065.15,2019,true
,32533,98848.16,55243.85,2019,true
,32534,97633.24,9654.4,2019,true
,32535,99414.06,10663.89,2019,true
,32536,87131.02,17968.93,2019,true
,32541,84910.08,5427.95,2019,true
,32542,98848.16,8592.21,2019,true
,32543,83310.04,10402.56,2019,true
,32544,84010.22,7634.7,2019,true
,32545,80778.1,2221.93,2019,true
,32546,85071.14,,2019,true
,32549,87430.8,17249.41,2019,true
,32550,58647.0,,2019,true
,32552,84109.8,28415.25,2019,true
,32553,79196.1,,2019,true
,32554,87531.16,1636.4,2019,true
,32555,80778.1,1265.09,2019,true
,32556,83310.04,635.97,2019,true
,32557,84910.08,29129.74,2019,true
,32559,79196.1,399.18,2019,true
,32560,85571.12,30480.4,2019,true
,32561,68988.0,296.49,2019,true
,32563,71747.0,91.18,2019,true
,32564,88471.16,15294.41,2019,true
,32565,93593.12,3157.97,2019,true
,32567,83310.04,3085.76,2019,true
,32568,99414.06,21416.26,2019,true
,32569,85471.02,,2019,true
,32570,90031.06,25996.56,2019,true
,32571,87431.06,19388.35,2019,true
,32572,87131.02,,2019,true
,32573,84871.2,2162.64,2019,true
,32574,84971.04,1012.0,2019,true
,32575,89031.1,5932.31,2019,true
,32576,84510.2,2583.45,2019,true
,32577,114081.22,14732.82,2019,true
,32578,89731.02,,2019,true
,32580,142905.1,,2019,true
,32581,82360.1,,2019,true
,32582,84971.04,1239.24,2019,true
,32583,84010.22,,2019,true
,32584,87231.12,,2019,true
,32585,86510.12,3288.24,2019,true
,32586,82260.0,9159.13,2019,true
,32587,98133.22,51692.22,2019,true
,32589,87331.22,19086.96,2019,true
,32590,82260.0,2575.43,2019,true
,32591,101414.24,12535.96,2019,true
,32593,82360.1,2988.77,2019,true
,32595,89731.02,18391.08,2019,true
,32596,88231.08,14989.89,2019,true
,32597,142905.1,11897.97,2019,true
,32598,100214.08,3860.18,2019,true
,32599,83910.12,,2019,true
,32601,100214.08,47859.73,2019,true
,32602,84110.06,10379.46,2019,true
,32603,92336.12,25893.6,2019,true
,32605,85471.02,8496.95,2019,true
,32606,87131.02,1354.98,2019,true
,32608,84310.0,423.24,2019,true
,32609,97948.04,34366.46,2019,true
,32610,85710.1,5996.75,2019,true
,32612,47537.0,,2019,true
,32613,86810.16,11151.03,2019,true
,32615,48487.0,,2019,true
,32616,87531.16,7958.47,2019,true
,32617,101814.12,58093.16,2019,true
,32619,87531.16,13588.33,2019,true
,32625,58647.0,,2019,true
,32626,85710.1,8244.9,2019,true
,32627,87431.06,10843.16,2019,true
,32629,82260.0,469.83,2019,true
,32630,99750.12,14277.34,2019,true
,32631,84510.2,,2019,true
,32634,97433.04,48209.46,2019,true
,32635,83310.04,15885.46,2019,true
,32636,106224.02,10777.94,2019,true
,32637,87531.16,4771.1,2019,true
,32639,87131.02,1629.22,2019,true
,32641,79096.0,2768.72,2019,true
,32642,71747.0,394.46,2019,true
,32643,100223.16,9343.06,2019,true
,32644,83210.2,4077.65,2019,true
,32646,101014.1,34500.48,2019,true
,32647,83810.02,124.09,2019,true
,32648,87231.12,,2019,true
,32650,82360.1,12666.8,2019,true
,32653,100123.06,,2019,true
,32654,80778.1,14703.2,2019,true
,32655,87131.02,4409.5,2019,true
,32656,97748.1,8000.72,2019,true
,32659,83810.02,2887.55,2019,true
,32660,114481.1,15648.92,2019,true
,32661,101014.1,6120.66,2019,true
,32662,96048.22,924.51,2019,true
,32664,87331.22,10990.67,2019,true
,32665,110832.16,5237.35,2019,true
,32667,82360.1,3224.82,2019,true
,32669,71747.0,1556.67,2019,true
,32670,99049.02,,2019,true
,32671,86571.08,,2019,true
,32672,86810.16,12566.99,2019,true
,32673,60993.0,,2019,true
,32674,84010.22,,2019,true
,32675,84210.16,,2019,true
,32676,83610.08,892.99,2019,true
,32677,83210.2,,2019,true
,32678,96048.22,9187.72,2019,true
,32681,47537.0,,2019,true
,32682,83810.02,,2019,true
,32683,98333.16,2332.03,2019,true
,32684,83710.18,17887.29,2019,true
,32685,84110.06,1004.07,2019,true
,32686,100550.14,24645.62,2019,true
,32687,100814.16,40017.17,2019,true
,32689,83810.02,,2019,true
,32692,96248.16,7082.67,2019,true
,32693,87131.02,1887.29,2019,true
,32695,97849.12,9421.64,2019,true
,32696,86410.02,5269.36,2019,true
,32697,84210.16,3904.46,2019,true
,32698,95833.0,635.88,2019,true
,32699,86731.14,705.24,2019,true
,32700,96148.06,11619.12,2019,true
,32702,79096.0,1498.6,2019,true
,32703,94029.02,4642.52,2019,true
,32705,85510.16,10759.58,2019,true
,32706,83310.04,,2019,true
,32708,84110.06,1248.72,2019,true
,32709,86810.16,13099.92,2019,true
,32710,83110.1,10082.72,2019,true
,32711,98848.16,14653.27,2019,true
,32713,99650.02,634.66,2019,true
,32714,95233.18,21871.62,2019,true
,32716,141663.08,,2019,true
,32717,71747.0,1280.2,2019,true
,32718,97748.1,18331.01,2019,true
,32719,100449.12,4412.91,2019,true
,32721,88231.08,7090.6,2019,true
,32722,87331.22,7617.17,2019,true
,32723,100550.14,7050.36,2019,true
,32724,86731.14,2433.27,2019,true
,32725,97949.22,18549.59,2019,true
,32726,89731.02,3790.71,2019,true
,32727,90131.16,9524.59,2019,true
,32730,87771.24,11773.98,2019,true
,32731,97933.02,61266.11,2019,true
,32733,86931.08,5524.45,2019,true
,32734,102150.18,23739.71,2019,true
,32735,83410.14,12807.69,2019,true
,32736,86610.22,,2019,true
,32737,58647.0,,2019,true
,32738,86510.12,1404.85,2019,true
,32739,84210.16,2875.34,2019,true
,32740,102550.06,15407.55,2019,true
,32741,97323.12,31340.28,2019,true
,32743,99214.12,31978.24,2019,true
,32744,86110.24,20953.45,2019,true
,32745,87431.06,1422.0,2019,true
,32746,94129.12,11046.33,2019,true
,32747,83810.02,1177.73,2019,true
,32748,60993.0,,2019,true
,32749,60993.0,,2019,true
,32750,83310.04,2216.57,2019,true
,32752,97749.02,20003.33,2019,true
,32753,83810.02,,2019,true
,32754,82360.1,,2019,true
,32756,83910.12,700.54,2019,true
,32760,87531.16,,2019,true
,32761,86631.04,1001.99,2019,true
,32762,86810.16,18074.39,2019,true
,32764,89231.04,6374.68,2019,true
,32766,86810.16,29186.33,2019,true
,32767,87131.02,1248.87,2019,true
,32768,84110.06,8060.55,2019,true
,32770,86631.04,258.09,2019,true
,32771,86971.22,27155.02,2019,true
,32773,84871.2,,2019,true
,32775,99123.1,14926.83,2019,true
,32777,83210.2,2225.28,2019,true
,32779,60993.0,,2019,true
,32781,71747.0,45.59,2019,true
,32782,88231.08,,2019,true
,32783,83610.08,541.79,2019,true
,32785,89731.02,27197.42,2019,true
,32786,85510.16,28791.02,2019,true
,32788,68988.0,2363.06,2019,true
,32789,87131.02,3661.5,2019,true
,32790,87131.02,34519.6,2019,true
,32791,86931.08,,2019,true
,32793,60993.0,,2019,true
,32794,79096.0,23.49,2019,true
,32796,86631.04,11294.91,2019,true
,32798,84310.0,21634.99,2019,true
,32799,84110.06,8739.2,2019,true
,32801,122905.22,1463.35,2019,true
,32803,84010.22,511.84,2019,true
,32804,60993.0,,2019,true
,32806,82260.0,1029.22,2019,true
,32807,111013.22,,2019,true
,32808,101214.04,27212.05,2019,true
,32811,47537.0,,2019,true
,32813,142905.1,,2019,true
,32815,145390.96,,2019,true
,32817,87831.2,29184.96,2019,true
,32818,88271.22,221.49,2019,true
,32819,90131.16,55343.3,2019,true
,32820,87131.02,14168.35,2019,true
,32823,83210.2,1548.04,2019,true
,32826,60993.0,,2019,true
,32827,82260.0,,2019,true
,32828,87571.04,19422.01,2019,true
,32829,127107.02,17100.37,2019,true
,32831,87531.16,2336.27,2019,true
,32832,89831.12,,2019,true
,32833,85471.02,4115.34,2019,true
,32835,102250.02,,2019,true
,32836,100449.12,31446.67,2019,true
,32837,86531.2,1522.63,2019,true
,32838,84210.16,4316.93,2019,true
,32839,49438.0,,2019,true
,32840,102550.06,27538.91,2019,true
,32841,60993.0,,2019,true
,32842,114481.1,11947.63,2019,true
,32843,100214.08,14901.83,2019,true
,32844,83210.2,4431.95,2019,true
,32847,58647.0,,2019,true
,32848,99314.22,3321.09,2019,true
,32849,84010.22,3326.31,2019,true
,32850,79196.1,3416.97,2019,true
,32852,99950.06,12557.05,2019,true
,32853,100150.0,65295.08,2019,true
,32856,86531.2,11707.43,2019,true
,32858,122455.22,26938.72,2019,true
,32859,60993.0,,2019,true
,32860,100350.2,1309.9,2019,true
,32861,86531.2,4128.33,2019,true
,32862,102114.16,21663.42,2019,true
,32863,99650.02,1545.63,2019,true
,32864,100814.16,4871.29,2019,true
,32867,83310.04,722.38,2019,true
,32868,87331.22,24754.01,2019,true
,32870,84010.22,13136.32,2019,true
,32871,70367.0,,2019,true
,32872,85371.18,7893.94,2019,true
,32873,86531.2,26700.26,2019,true
,32874,107124.14,8004.9,2019,true
,32876,97933.02,20262.57,2019,true
,32877,80778.1,3201.15,2019,true
,32878,88031.14,3065.76,2019,true
,32879,84110.06,1070.24,2019,true
,32881,88031.14,5003.69,2019,true
,32882,93629.14,16323.05,2019,true
,32883,88231.08,10302.68,2019,true
,32884,87031.18,9001.72,2019,true
,32885,79096.0,6272.29,2019,true
,32887,86631.04,,2019,true
,32888,100814.16,29402.95,2019,true
,32889,94029.02,4038.18,2019,true
,32892,89731.02,2748.86,2019,true
,32893,122357.02,18685.7,2019,true
,32894,86931.08,,2019,true
,32895,87431.06,2947.41,2019,true
,32896,83910.12,4692.08,2019,true
,32897,87031.18,258.1,2019,true
,32900,68988.0,525.99,2019,true
,32902,47537.0,,2019,true
,32903,85371.18,10560.54,2019,true
,32905,110805.2,,2019,true
,32906,83910.12,7065.62,2019,true
,32908,83810.02,731.29,2019,true
,32909,86731.14,14824.37,2019,true
,32912,86571.08,,2019,true
,32913,97548.16,32628.68,2019,true
,32914,98049.06,6040.19,2019,true
,32917,87131.02,3997.13,2019,true
,32918,83410.14,9548.8,2019,true
,32919,113681.08,11971.18,2019,true
,32921,86810.16,8897.85,2019,true
,32924,101550.1,35586.27,2019,true
,32926,84110.06,7340.46,2019,true
,32927,87131.02,6622.36,2019,true
,32929,87231.12,8953.23,2019,true
,32930,83410.14,1667.01,2019,true
,32933,100350.2,7364.51,2019,true
,32934,87531.16,73136.66,2019,true
,32935,95848.02,945.9,2019,true
,32936,100150.0,15153.76,2019,true
,32937,101150.22,12532.9,2019,true
,32938,97348.22,5236.95,2019,true
,32939,48487.0,,2019,true
,32940,82260.0,563.05,2019,true
,32941,102250.02,2585.8,2019,true
,32942,137922.18,,2019,true
,32943,86931.08,337.94,2019,true
,32944,83210.2,1892.3,2019,true
,32945,93210.22,9031.52,2019,true
,32946,83410.14,525.19,2019,true
,32947,68988.0,2742.75,2019,true
,32948,87131.02,5040.68,2019,true
,32949,83210.2,,2019,true
,32950,102250.02,,2019,true
,32951,100150.0,,2019,true
,32953,58647.0,,2019,true
,32954,83910.12,17673.3,2019,true
,32955,58647.0,,2019,true
,32956,68988.0,,2019,true
,32957,83710.18,1390.98,2019,true
,32959,114281.16,9026.57,2019,true
,32960,88031.14,9490.3,2019,true
,32961,87831.2,4672.37,2019,true
,32962,90131.16,,2019,true
,32963,71747.0,962.07,2019,true
,32965,99314.22,5016.51,2019,true
,32966,82260.0,913.86,2019,true
,32967,80678.0,,2019,true
,32968,85371.18,,2019,true
,32969,87431.06,,2019,true
,32970,84210.16,5912.49,2019,true
,32971,100223.16,15099.75,2019,true
,32973,89031.1,6285.66,2019,true
,32974,99314.22,14391.81,2019,true
,32975,89031.1,12743.84,2019,true
,32978,89431.24,1133.94,2019,true
,32981,99414.06,13453.64,2019,true
,32982,83310.04,727.92,2019,true
,32983,96048.22,1759.03,2019,true
,32984,96348.0,32021.47,2019,true
,32985,118570.08,43211.55,2019,true
,32986,102650.16,8465.62,2019,true
,32987,102450.22,26721.4,2019,true
